"1eff593821dc","Kinderspielzeug","tbd"
"6a10b9d11969","Gartenwerkzeuge","tbd"
"a4acbd3b4d36","Essen & Trinken","tbd"
"40c5314fdee0","Wellness & Entspannung","tbd"
"c7cfd9be5baf","Boote & Bootszubehör","tbd"
"b98504a6b708","Fahrräder & Zubehör","tbd"
"c98fe777f66b","Motorräder & Motorroller","tbd"
"1f5b49b7afb5","Motorradteile & Zubehör","tbd"
"4e62320fe7ea","Nutzfahrzeuge & Anhänger","tbd"
"c190b3feb2f7","Reparaturen & Dienstleistungen","tbd"
"daa67a832d1d","Wohnwagen & -mobile","tbd"
"868a312adefc","Dienstleistungen","tbd"
"241a533405af","Altenpflege","tbd"
"40630a6c4b45","Auto, Rad & Boot","tbd"
"652165b034c3","Babysitter & Kinderbetreuung","tbd"
"9757fef125e2","Elektronik","tbd"
"267a311f976a","Haus & Garten","tbd"
"a038588b713d","Künstler & Musiker","tbd"
"666d259c14a2","Reise & Event","tbd"
"db7ca95fa7dc","Tierbetreuung & Training","tbd"
"1cc45b24bd11","Umzug & Transport","tbd"
"71bfe2da4604","Eintrittskarten & Tickets","tbd"
"dc0a0faaeb5a","Bahn & ÖPNV","tbd"
"1d63d7c1020a","Comedy & Kabarett","tbd"
"d7ee6a506e4a","Gutscheine","tbd"
"8ebcb290fb73","Kinder","tbd"
"fb9851e16e5b","Konzerte","tbd"
"a831b710a17e","Sport","tbd"
"ff45d72f6cee","Theater & Musical","tbd"
"0cdec06b54f1","Elektronik","tbd"
"2b0d0e87920a","Audio & Hifi","tbd"
"683386607f51","Dienstleistungen Elektronik","tbd"
"e6812d4e6bf0","Foto","tbd"
"be7f5ad2a126","Handy & Telefon","tbd"
"a0e1d85e3cbe","Haushaltsgeräte","tbd"
"d5585b1669e7","Konsolen","tbd"
"11118d3b7262","Notebooks","tbd"
"7985f6660a80","PC-Zubehör & Software","tbd"
"c785819dd440","Tablets & Reader","tbd"
"4f024a0bca13","TV & Video","tbd"
"ba16d6fcac09","Videospiele","tbd"
"973f49f36126","Familie, Kind & Baby","tbd"
"1e4872d74c56","Altenpflege","tbd"
"9049940a3cac","Baby- & Kinderkleidung","tbd"
"0bd7e4f4fa2c","Baby- & Kinderschuhe","tbd"
"bb44262d8dd9","Baby-Ausstattung","tbd"
"999a998e86b9","Babyschalen & Kindersitze","tbd"
"7ed1d6b39754","Babysitter & Kinderbetreuung","tbd"
"a5f42ae399e2","Kinderwagen & Buggys","tbd"
"d8e91c94c2f9","Kinderzimmermöbel","tbd"
"28f023413a4a","Spielzeug","tbd"
"c11364b9be95","Freizeit, Hobby & Nachbarschaft","tbd"
"9827c7729ef8","Esoterik & Spirituelles","tbd"
"8adef55003b8","Essen & Trinken","tbd"
"69904fd31c5a","Freizeitaktivitäten","tbd"
"fccaaed93d4e","Basteln & Kunsthandwerk","tbd"
"4ec6182eaa5c","Kunst & Antiquitäten","tbd"
"6381130c6d96","Künstler & Musiker","tbd"
"16815c64fb96","Modellbau","tbd"
"d4823bf5834c","Reise & Eventservices","tbd"
"cd9b3e4ea9e5","Sammeln","tbd"
"6fedc2b4be95","Sport & Camping","tbd"
"563254bb045c","Trödel","tbd"
"e7679ebdf881","Verloren & Gefunden","tbd"
"e9b1c9574cba","Haus & Garten","tbd"
"843cd25a95ac","Badezimmer","tbd"
"9ba80a3f545a","Büro","tbd"
"3f6b42d40db0","Dekoration","tbd"
"50674bbc54b2","Dienstleistungen Haus & Garten","tbd"
"d6074947064d","Gartenzubehör & Pflanzen","tbd"
"8951bddb820e","Heimtextilien","tbd"
"f737e1a8cc75","Heimwerken","tbd"
"8ce18f70d1e1","Küche & Esszimmer","tbd"
"ed3b5f1ba795","Lampen & Licht","tbd"
"f9c71f24fbf3","Schlafzimmer","tbd"
"4cc52e6df67f","Wohnzimmer","tbd"
"30669de005c4","Haustiere","tbd"
"8db07a49c496","Fische","tbd"
"fd782be3cc71","Hunde","tbd"
"9cf38ad21bf7","Katzen","tbd"
"fd80844c1af4","Kleintiere","tbd"
"7f3a6732a181","Pferde","tbd"
"a62c367c3ce9","Reptilien","tbd"
"514434586184","Tierbetreuung & Training","tbd"
"2d4fdef56227","Vermisste Tiere","tbd"
"add8df6abe64","Vögel","tbd"
"0a5980de2d95","Immobilien","tbd"
"c2cc82d6f1f4","Auf Zeit & WG","tbd"
"f95c8f266b47","Eigentumswohnungen","tbd"
"8213510f9f41","Ferien- & Auslandsimmobilien","tbd"
"e2cf1dbb9a35","Garagen & Stellplätze","tbd"
"cdb2c7235a53","Gewerbeimmobilien","tbd"
"9d6d9279477e","Grundstücke & Gärten","tbd"
"ca06575febca","Häuser zum Kauf","tbd"
"694fba8af8db","Häuser zur Miete","tbd"
"095996725fc2","Mietwohnungen","tbd"
"dbf8883f8405","Umzug & Transport","tbd"
"9ba0e3e159a6","Jobs & Stellenangebote","tbd"
"73e397286cbd","Ausbildung","tbd"
"c175370bfe11","Bau, Handwerk & Produktion","tbd"
"9d11550a1c35","Büroarbeit & Verwaltung","tbd"
"4bcba7d37c0a","Gastronomie & Tourismus","tbd"
"aa2f5c693fe8","Kundenservice & Call Center","tbd"
"999fd4119116","Mini- & Nebenjobs","tbd"
"c03f987d36f0","Praktika","tbd"
"30c89fbd6227","Sozialer Sektor & Pflege","tbd"
"708e6a8c5cc2","Transport, Logistik & Verkehr","tbd"
"0bed3278babc","Vertrieb, Einkauf & Verkauf","tbd"
"729578ddcd94","Mode & Beauty","tbd"
"ea5cea2a3bff","Accessoires & Schmuck","tbd"
"94c7e8a45b6e","Beauty & Gesundheit","tbd"
"a0cca631f353","Damenbekleidung","tbd"
"4b26d04f02e8","Damenschuhe","tbd"
"ce71e6137d3b","Herrenbekleidung","tbd"
"3f2f8dc173e0","Herrenschuhe","tbd"
"93832695143e","Musik, Filme & Bücher","tbd"
"1b671899355f","Bücher & Zeitschriften","tbd"
"361d87bacb16","Büro & Schreibwaren","tbd"
"f393ee4fbb89","Comics","tbd"
"32360d55a1a0","Fachbücher, Schule & Studium","tbd"
"ba5c172ef423","Film & DVD, Musik & CDs","tbd"
"93e25ba139c0","Musikinstrumente","tbd"
"f3d513e7715b","Unterricht & Kurse","tbd"
"c42d9e1a9828","Beauty & Gesundheit","tbd"
"b87dbd527096","Computerkurse","tbd"
"078ea1daabf4","Esoterik & Spirituelles","tbd"
"e37464ebdef6","Kochen & Backen","tbd"
"8432a1d96c89","Kunst & Gestaltung","tbd"
"52bd258cb998","Musik & Gesang","tbd"
"2346c5ee4db9","Nachhilfe","tbd"
"d7e4f48f380f","Sportkurse","tbd"
"a07fcee07155","Sprachkurse","tbd"
"f242ceaa425d","Tanzkurse","tbd"
"708e1dd224a2","Weiterbildung","tbd"
"48fc22e8a899","Weitere Unterrichte & Kurse ","tbd"
"cae962f00049","Zu verschenken & Tauschen","tbd"
"04e5c991db46","Verleihen","tbd"
"493b0711323f","Zu verschenken","tbd"
